"Shop on eBay,Brand New,$20.00,,,,https://ebay.com/itm/123456?itmmeta=012DEW30YG0MEEKND7NH&hash=item123546:g:acwAA9KNiJowH:sc:ShippingMethodStandard!95008!US!-1&itmprp=enc%3AbgepL1tlUHjMGCVfSTGJh%2BzsVKeJ3CQk7NizDI4BZeppuFnmyS6Ijyp8lh%2FnEw%2BWqO7uTV1Q6izE1R0T54aV8j71F4xlWfVcGft4%2FiOQhtqVXA1rW6M1atPARQRmhqUxtEPJKhKtSFgI%2Bvwlzb0GwVCtkp%3ABlBMUObkmabpYw"
"Shop on eBay,Brand New,$20.00,,,,https://ebay.com/itm/123456?itmmeta=012DEW30YG0MEEKND7NH&hash=item123546:g:acwAA9KNiJowH:sc:ShippingMethodStandard!95008!US!-1&itmprp=enc%3AbgepL1tlUHjMGCVfSTGJh%2BzsVKeJ3CQk7NizDI4BZeppuFnmyS6Ijyp8lh%2FnEw%2BWqO7uTV1Q6izE1R0T54aV8j71F4xlWfVcGft4%2FiOQhtqVXA1rW6M1atPARQRmhqUxtEPJKhKtSFgI%2Bvwlzb0GwVCtkp%3ABlBMUObkmabpYw"
"Apple iPhone Se 2nd Gen 2020 64Gb 128gb 256gb Unlocked Verizon Great Cond,""Free Shipping, Free 30 Day Returns, Bonus Accessories"",$154.99 to $279.99,33% off,Shipping not specified, United States,https://www.ebay.com/itm/135040052957?epid=7037857552&itmmeta=01HZ7KDHWHWWBGHWK3WDXG12FD&hash=item1f7103aedd:g:8awAAOSwtb5mMQEL&itmprp=enc%3AAQAJAAAAsBIHwqaonWdQLKWFdOsa8Hldb%2BDCLbIROtNlwR7wNwF%2FzG9vZ%2FXJhbZ3qloomCLH9M2YdtZRBbNnR8I3XYLI4LHPCgp8c0JtepNA138huGCXmw04mmPrhWeLGnAV6rmwIoYVXtArJCsPfDWOvWxqoKpWHVEZZkjy8wEH9EGm%2FtBvogJn0UYCjnPF1SRYqfWu%2BC4JWWX4ieGgtT6Wns%2Bzr%2B4T9LTLbfUrMXEFQENUH4Ar%7Ctkp%3ABlBMUNSetvP5Yw"
"Apple iPhone 8 64Gb 128gb 256gb Black Gray Gold Red Unlocked Great Condition,Pre-Owned,$129.99 to $244.99,39% off,Shipping not specified, United States,https://www.ebay.com/itm/135040057160?epid=239054170&itmmeta=01HZ7KDHWHTBV1NEVC9HE958NY&hash=item1f7103bf48:g:JqgAAOSwk2tmMRLb&itmprp=enc%3AAQAJAAAAsFwEtgavdPb%2FPTKCwIJboUrwXKWPx6iRTQ%2FeZjlyfOgiCZEsk7lOWtJu3kOcNO4yG6oCbSQ4YOcTS7qGBXXgRydaorZg%2BqlDRXnWcqwLPlSVdnYOUHHjkx3brVT%2FSybSsDTd%2BRcNmS1zNdoLkW48x2KvBNc2uKPyXG5UeVdYFkFdiBW1pwzZJH912cjZDBJ33o%2F1Rkusc0qqoKgYr4Jj%2BciQXN649P%2FCgtquhUITosrb%7Ctkp%3ABlBMUNSetvP5Yw"
"Apple iPhone 8 64Gb Black Space Gray Unlocked Fair Condition,Pre-Owned,$112.99 to $217.99,20% off,Shipping not specified, United States,https://www.ebay.com/itm/135040060216?itmmeta=01HZ7KDHWH646445QPZ8YDRWR1&hash=item1f7103cb38:g:JqgAAOSwk2tmMRLb&itmprp=enc%3AAQAJAAAAsNeaWVSIkgkrAdAMZMr4Mykv829J0HEhTWb3I7rj4cEaOOGRZeGqr3kVrSThY4ByQv4qJEHbue2CYtXqU4%2BIMOBIQwvELzShi5Dq9%2FscWd2o5ApOGSzSfdV5ouXziFzpqc0ubr6YOPFCBsJ28Wnx1taekotMghz4molDvaxfaRyioyUvkdhTQZFSe3s1MDihmEufh6K1VOb2C8BXWBuI0OxxC1mNCBvqvx2LgxoyTbLu%7Ctkp%3ABlBMUNaetvP5Yw"
"Apple iPhone 13 - 128 GB - Pink (Unlocked) (Dual SIM),,$399.00,,,,https://www.ebay.com/itm/156225664991?epid=7049287412&itmmeta=01HZ7KDHX6DDZZXCJD2DCKRQDA&hash=item245fc677df:g:wQ0AAOSwIrhmRrMq"
"Apple iPhone 14 Pro Max A2651 Spectrum Only 128GB 5G Smart Phone / Deep Purple,,$595.00,,,,https://www.ebay.com/itm/116197130922?epid=22065000830&itmmeta=01HZ7KDHX6ZK8KX66S2RDSFC6S&hash=item1b0de382aa:g:rJIAAOSwlWdmFut9"
"Apple iPhone 7 Plus A1784 256GB Silver UNLOCKED & CLEAN IMEI W/ Cords - LOT OF 2,,$155.50,,,,https://www.ebay.com/itm/266834834907?epid=3049376966&itmmeta=01HZ7KDHX6SVBYQMGMFA1A9K5B&hash=item3e209875db:g:4L4AAOSweYxmTKYb"
"iPhone XR - 64GB - Unlocked (Read Description) BI1220,,$107.50,,,,https://www.ebay.com/itm/276482538635?epid=13023706562&itmmeta=01HZ7KDHX6H63142H4GEN1K6HS&hash=item405fa4bc8b:g:JqYAAOSwdu1mM~67"
"iPhone 14 Pro - 256GB - Unlocked (Read Description) BG1002,,$430.00,,,,https://www.ebay.com/itm/285879891960?epid=24056252978&itmmeta=01HZ7KDHX6THR958P4EBS7WMJN&hash=item428fc4f7f8:g:JHAAAOSwY2VmHW8W"
"Apple iPhone 13 mini - 128 GB - Blue Great cosmetic condition,,$182.50,,,,https://www.ebay.com/itm/126500753397?itmmeta=01HZ7KDHX6Z25RTPX9BY4RB0CD&hash=item1d74084ff5:g:9VMAAOSw0vNmPPPt"
"Apple iPhone 7 Plus A1661 32GB Silver UNLOCKED & CLEAN IMEI W/ Cords - LOT OF 9!,,$455.00,,,,https://www.ebay.com/itm/266828362231?itmmeta=01HZ7KDHX6RCR3J1NJVKY7HWY8&hash=item3e2035b1f7:g:RrEAAOSwZlZmPTHZ"
"NEW OPEN BOX Apple iPhone 15 256 GB Pink Unlocked eSim MTM53LL/A Model A2846,,$491.00,,,,https://www.ebay.com/itm/196417508484?epid=18062769543&itmmeta=01HZ7KDHX690A3G8EMBTEE3WMQ&hash=item2dbb655484:g:5mUAAOSwwWpmIFWu"
"Apple iPhone XR - 64GB - Factory Unlocked - Very Good Condition,Free 2-Day Shipping | 1 YEAR WARRANTY| Free Returns,$169.00,,+$19.28 , United States,https://www.ebay.com/itm/124894860851?epid=9037653880&itmmeta=01HZ7KDHWHDVST80JWKYN82RYF&hash=item1d14505633:g:I1QAAOSwdRVhO6Lu&itmprp=enc%3AAQAJAAAAwDbLHq35Hou4SmKBiP5EvEnvIg2MlnWALclvchrjhh9rEeuyV5QTHGRIwuS9bCV5EPBQqmQqWxZiJN2OJtU9Dq4B2728gtKK91v%2Fw%2BMWidXNDGEB4--%2FQ6s3GT7V6XmjG8tItJqAscpuD5qOArKSB9O4PjDdwlj1G1syjTeCLtoNNdZFnKOYiFuIZ%2FS41kJd6KWDisu2bdTVTpa8X78DjxgpUOlThXeu4tlfeoLTaCxJ8zT%2BrpWY6F%2F8MDwjlyM72A%3D%3D%7Ctkp%3ABlBMUNaetvP5Yw"
"New ListingApple iPhone XS - 64 GB - Gray (Unlocked) (Single SIM) (CA),Pre-Owned,$94.42,,+$8.88 , Canada,https://www.ebay.com/itm/355755741593?epid=8023709542&itmmeta=01HZ7KDHWHV0AQC40MWNYYQSGT&hash=item52d4b1d199:g:vCwAAOSwycNmWWVo&itmprp=enc%3AAQAJAAAA4FiTZq1uHorNmveRF8QVnm6pXmvkAVlYQ0WCruCjFLD%2FWfb7W4JkiasBuef4SaDpdRaOvSUl79vdap81To5Rhp13VTXqMAIjdwVFTT1w6XXUXcPgSzgQPiLeaBYCvA2B6ijdffp95d5flLAVm7kVTgL31MoklOkekzNg4rIt%2FRlxz7OemYj7j9bB9o7eDfjWHGRacxYyOPJ%2FdJ%2BeTdhRdxzLZ4PD7pStBmLE%2BtwiEZ6Fbzua1o1SZPbUxnQGCFZMl71MZgQ282jw9IszbDdjpOP2AvqjYsGMQh%2BnYah%2FG57k%7Ctkp%3ABk9SR9aetvP5Yw"
"New ListingApple iPhone 12 - 64 GB - Blue (Verizon) Read Description,Parts Only 路 Apple iPhone 12 路 64 GB 路 Verizon,$130.00,,+$24.99 , United States,https://www.ebay.com/itm/285886091462?epid=15041716838&itmmeta=01HZ7KDHWHZ31157KPDC85JG7V&hash=item42902390c6:g:zSEAAOSwzvlmV3t2&itmprp=enc%3AAQAJAAAAwAjIFohXAWdSbTYefGcr2ehIGJmYcwXNnZs%2BI74B1%2FrUQe0kYbo25UfAvHX5LWial5rQj0KpNjrM55zBAUcRSwZJQFU1yz0Lnti3nj8f%2FEqD%2Fuu%2FKsJ3sxhvUw1gAxOTSWm1hcPqt570Hs%2BIN3jXL3edTc5NFai39JIx7fZ2MyprvUD7a7LrcMsijTqEAKJILnrlm83ogA7F%2FZTUQGVzhveXDKdu3Db%2FtzF5C3ZexMPKidnH1Nrdo1IfbQXOvh54kw%3D%3D%7Ctkp%3ABk9SR9aetvP5Yw"
"New ListingiPhone 13 - 128GB - Midnight - Cracked Screen,Pre-Owned,$234.10,,+$8.88 , Canada,https://www.ebay.com/itm/405007855032?epid=5049289956&itmmeta=01HZ7KDHWHAG194P263F0SW6TK&hash=item5e4c596db8:g:npIAAOSwNpZmTjFt&itmprp=enc%3AAQAJAAAA4N1%2FfvLHn385tDHjZfBzrRgglrHCu6ZxpvWQCF6SpS%2Br0AKyH8iofaQ65Fl9OuRLfQOh8xIH1AGWU745JpWg%2FrUE098Nh%2BhMc6TnfncnD%2BxImNIGC0kDWr0LYi5KeS2pFKinJhKHvJ8LmADrhGa5Qaq35seDPgqMatwP88X76qzVyA5XeuUEtfaQTG3eIo2%2FqWYYJP9gBGxq01gGt8eLRpu2Z%2FdrGcpLimR5GThfI%2FIwQ9AAFezKSmhhd3bzGAsowumrU15%2Fbep77MeKDfGUlUufIMVTH4hMHu8aUixoUUec%7Ctkp%3ABk9SR9aetvP5Yw"
"Apple iPhone 13 Pro - 128GB - (Unlocked) (Fully Functional) All colors !,,$465.26,,Free ,,https://www.ebay.com/itm/115750517428?epid=17049280598&itmmeta=01HZ7KDHX70ENRG5ZN7F0QY6MG&hash=item1af344bab4:g:-mkAAOSwtIBkJfIF"
"Apple iPhone SE (3rd Gen) - 64GB - GRADE A (Batt health 93-100%+) - UNLOCKED,,$197.51,,Free ,,https://www.ebay.com/itm/315382628878?epid=27052767048&itmmeta=01HZ7KDHX7B17SS0BXCHSYK6WT&hash=item496e45020e:g:yG0AAOSwkJlmTL0Z"
"Apple iPhone 12 64GB/128GB/256GB - ALL COLOURS - UNLOCKED - GOOD CONDITION,,$292.98,,+$38.22 ,,https://www.ebay.com/itm/334135618770?epid=5041723844&itmmeta=01HZ7KDHX7G6HB8RPTSJ90YYF5&hash=item4dcc08ecd2:g:Pa0AAOSwcn9hMf5E"
"Apple iPhone 12 || Fully Functional || Unlocked || Excellent condition !!~~,,$270.31,,Free ,,https://www.ebay.com/itm/114894338163?epid=12041705164&itmmeta=01HZ7KDHX71H8RRE0N5GY6WH2S&hash=item1ac03c7873:g:BKIAAOSw4JBkLJhW"
"Apple iPhone 13 Unlocked || Fully Functional || Great Deal !,,$354.80,,Free ,,https://www.ebay.com/itm/116191154882?epid=18049286543&itmmeta=01HZ7KDHX7GQ5DW4G85N3AVD2J&hash=item1b0d8852c2:g:6vEAAOSwNaBmTjbF"
"Apple iPhone 13 5G 128GB GSM/CDMA Fully Unlocked - Midnight - Good,,$329.99,,+$24.03 ,,https://www.ebay.com/itm/394656153631?epid=5049289956&itmmeta=01HZ7KDHX7R72AX03AD0ADNK3K&hash=item5be357001f:g:OfQAAOSwbFxkeMto"
"Apple iPhone 12 mini - 64 GB - Blue (Unlocked) - Excellent Refurbished,,$209.99,,+$20.49 ,,https://www.ebay.com/itm/285884741600?epid=6041725386&itmmeta=01HZ7KDHX7KNSBJ3MGX9ZDY15T&hash=item42900ef7e0:g:EeQAAOSwYodmWOnP"
"Apple iPhone 12 Pro 128GB Unlocked AT&T T-Mobile Verizon Very Good Condition,,$334.95,,+$20.52 ,,https://www.ebay.com/itm/294304467850?epid=2312761089&itmmeta=01HZ7KDHX7BKXTHKJ96AYCAFRP&hash=item4485e9cb8a:g:Fn4AAOSwJyxlDbtk"
"New Listing  Apple iPhone 12 - 128GB - Blue- 79% Battery - (UNLOCKED),Pre-Owned,$270.68,,+$8.97 , Canada,https://www.ebay.com/itm/166794324296?epid=16041709972&itmmeta=01HZ7KDHWJSWNK44TGT2BWRSDE&hash=item26d5b76948:g:PUYAAOSw--NmP7C8&itmprp=enc%3AAQAJAAAAwLS%2FlwMVfGTzt%2B%2FI3Kea2rkyslLzLWHVRyJhxHRhW4QcX4lXh8Log8DtZOW6u%2FDIzq4m6g3mJ%2F0gU1gXYbQFtSfJkAWUqvxppGjqRNLj8H%2BLT1oymV3o1GEubDTMPVUQqz81NZONEf7ucCwhoPY6EfauJSO5wX46ruOXlFyqZdHg1cr71WN07yP098uWiRJFaQ7rvmnIclB%2FQnPyFsPHQTfwlKa2ypJ3%2BkKbNB9VHWZo5XS7aviBP5Hf0iyAhpvPIg%3D%3D%7Ctkp%3ABk9SR9aetvP5Yw"
"New Listing Apple iPhone 11 Pro - 64GB - White (Unlocked) - 76% Battery Fast Shipping!,Pre-Owned,$215.81,,+$9.58 , Canada,https://www.ebay.com/itm/166794305542?epid=12034199370&itmmeta=01HZ7KDHWJ5PGBJXG5DVHGRX2Q&hash=item26d5b72006:g:w-cAAOSwr6RmPqna&itmprp=enc%3AAQAJAAAA4NspcPwi%2Bg%2F8%2FymCx8fJ%2FnR36PgQ6ApulCgCTnJLT%2Bnwr9MwuuWjFjByIbgLjFBfO0Atr6EZCkag1Uu%2BdznzVxKZztY%2FXDpB4uIhZ11AzLY09aNswfhlRL8aDA%2B%2BJkcCe8pfYY8%2BlXQVwT015%2BgWoT83ggaS4v2O1Dby5oV9q9IWLm514FX1xaE1VCtFy2jt9Z3ct8Gtq%2FGGq9wptK8EecvRIunh91IYjd6ghTP160W6JFYcvAfkqdGPF2fCIopDGvE62OUoIaFpR%2BrBt6jThcpGPX6ji6t5ftjglRwa8VO6%7Ctkp%3ABk9SR9aetvP5Yw"
"New Listing Apple iPhone 12 Pro - 128GB - Graphite {Unlocked} - Fast Shipping!,Pre-Owned,$277.99,,+$9.58 , Canada,https://www.ebay.com/itm/166794458666?epid=25041703793&itmmeta=01HZ7KDHWJ56JNHREXHK2PWKWH&hash=item26d5b9762a:g:aU8AAOSwYwNmWRxU&itmprp=enc%3AAQAJAAAAwO1XtInxQmVESCViIZQv7nNjFpmIz4%2F0Wx3N9br%2Fs7iLBxWL%2BMSN8a8kcPK3meiD6KqlZo8B4e3Ymn7AoLjv4jHU5KuFo5Nvsc5tn3apxIPSfkbQfgTEuibndsE23WBiQX0gpoZ7rAiBKWADklWnra7LSjn3HClS7IsdOU7vq33ZOsrn7ptE1bPTTeCInAvDd5f2B85H1AgunoGeQ5KGFxBSbzD8WSD450tHGZd8aes%2BtsXDWybaom7KnoCpivTuyw%3D%3D%7Ctkp%3ABk9SR9aetvP5Yw"
"Apple iPhone 13 - 128GB - Midnight (Freedom Mobile) Unlocked/Might Have Box.,Pre-Owned,$291.16,,+$10.97 , Canada,https://www.ebay.com/itm/235581261474?epid=19049389544&itmmeta=01HZ7KDHWJHW9RJM4HDCNAFQW3&hash=item36d9bcc6a2:g:tIoAAOSwUyZmRqJa&itmprp=enc%3AAQAJAAAA4AOOFqORYpgzoJqp7EgCqWQi4PwAPVzHKeyQuCTDk%2FY59%2FkW%2FO2YUhDLhhfBmR%2BLymZTwt7SrWjBBHH%2BptldbSKr7P%2B8cVnLUj%2FDObn%2BATACkyIAaRDUvl3Pj0wT5Ae28MHooHSf0k10Tg9yMQQDBC7PRZK7srPneVNfuVOYN5tzr43UYbRAAsGgVhO8BERhGdm2lgIp6ntouHNwEJRrLymIuXsQLg4kdgScXbQoim0ot8kDKQ5OdS%2FlLCQWz%2Fu3N%2FQnGkxwrU544blxK5dEKEgDNNHc9LWCVaz6K5Puvr45%7Ctkp%3ABk9SR9aetvP5Yw"
"New ListingApple iPhone 13 Pro Max - 128 GB - Green - DOA NO POWER Crack Back Check ESN,Parts Only 路 Apple iPhone 13 Pro Max 路 128 GB,$135.88,,+$26.66 , United States,https://www.ebay.com/itm/276489101375?itmmeta=01HZ7KDHWJ9BTTG910HH6V6NH9&hash=item406008e03f:g:MVsAAOSw9NhmWce4&itmprp=enc%3AAQAJAAAA4D9d2NF4pmlR6LIkiwSykwGrrzhgFp2YozYTf9Lpg3B78G5B%2BiQduUIpJ5fn81G3lwHP9iSAaJvs3S18oEe1ZFRXgEFLJpzuD9Sn71pOtVHFAo%2BaEoHczBYOI9IDsAtIe9sNYtZwTMMvC6M316M1kFtPf6JXtjtS%2FhpymmTOeHutkN5CCJVCahfKO9C5hu2vPLB6p4T8DEaVh%2BZAsX3GOAPddC%2BLKfC%2Fbhk8d8JtV5aYfskc4pVTesM4hxjLRo6W%2Fw2kqArrW0LcxldyrVeEEWG91TVL5hxQg9G6dJng64S5%7Ctkp%3ABk9SR9aetvP5Yw"
"New ListingApple iPhone 11 - 128GB - Black (Unlocked) A2111 (CDMA + GSM) (CA),New (Other),$239.95,,Free , Canada,https://www.ebay.com/itm/395436887619?epid=11034210196&itmmeta=01HZ7KDHWJ68XKXC9WMXKP28S2&hash=item5c11e00e43:g:hNwAAOSwSQNjvX5L&itmprp=enc%3AAQAJAAAA0EjCZUFGzUvn2aPmvpTGg%2Fo3Wv7JKYLI6GLbbMjhMhDeLdApeK5VbPYVU97eWqgecoAMIDaKKchyej3ImuokJr0QMAok9RP3OZ%2BVoZBGX5sruMC5TS3i%2Br8hFrOKZm1J9m%2BmsdLXslfN%2FZM6LGBKHYwQQMtf74uRAd9O6dAbjaBAizetBfHCrSA5S4GS94sP2qSecenRE%2FVtYcRdlJCpD%2Bdjz4a90Liq9Wtst3TBbd9WYq6KuYq26rMr0Egbc0ZGE33n14AKGbfzsNAGqUtAOEA%3D%7Ctkp%3ABFBM1p628_lj"
"New ListingApple iPhone 15 - 128 GB - Black (Unlocked),Brand New 路 Apple iPhone 15 路 128 GB 路 Unlocked,$550.00,,+$38.48 , United States,https://www.ebay.com/itm/387045759344?epid=8062766781&itmmeta=01HZ7KDHWJZQBCA1VQ4V80RBQA&hash=item5a1db99970:g:GZMAAOSwR8FmWXo4&itmprp=enc%3AAQAJAAAA0FW3KKRxu%2BIctkn38Jm7aPj8NvdN5TL4yyp161p8fc4xGhQv%2FJTYZgyghnsYAVdU7%2FhTRbB5gwk4Ew6tEaTG8h6FDbIBa0zPzChBeexkHQ5KAFEVtbKpV8mJlziZDgZwQOhNSFC%2BJ5Dj7trmKScyQ52UoijWrtc0yCEq1sjAu4PFYDYLcroePf4lXsq2PVu7%2Bj2qmK9lAST3bPDfjQS5eLMk0aSlCjvvUJv%2B8kuijd0erjvoRB4F06P99IXM%2BxzoJvqc6gTU21dF7TZWLNUxFec%3D%7Ctkp%3ABFBM2J628_lj"
"Apple iPhone XR 128GB Factory Unlocked AT&T T-Mobile Verizon Very Good Condition,FREE FEDEX 2 DAY - 60 DAY RETURNS - 1 YEAR WARRANTY,$174.95,78% off,+$15.80 , United States,https://www.ebay.com/itm/294291233520?itmmeta=01HZ7KDHWJZSX1C79NZ8M6H3A4&hash=item44851fdaf0:g:SjMAAOSwBZ1lAHf-&itmprp=enc%3AAQAJAAAAwFh4PKtIauxYEahf5Xlw9jyOmTJTG%2FTmLlvXs1%2BYcNzlGGigM7wAINZRoQ6j67E56IppbBoj91Vc%2BoQFcHD4HW5rpy7ZfIX61KPWadFHLbIVsmA%2FoaB8pMXU2t%2FrQ9ikYIQhpGf35Gb1ok%2FeZ%2BKynY63Xfj2rEJcG3mrzeudbSg6iVqaINBshDuh%2F9DIorYbVTw%2BW5--Wzh8v3VIKk9IRkwVOHi2uI3Vm2pK6cs6tMfkC4D%2FbsVQrKuSFxWfNG7lTg%3D%3D%7Ctkp%3ABlBMUNietvP5Yw"
"New Listing Apple iPhone 11 - 128GB - Gray{Unlocked} - 76% Battery Fast Shipping!,Pre-Owned,$212.15,,+$8.73 , Canada,https://www.ebay.com/itm/166794336177?epid=25041703793&itmmeta=01HZ7KDHWJSJDM5ESKW3SF7XVQ&hash=item26d5b797b1:g:IQ8AAOSwDVhmPqXI&itmprp=enc%3AAQAJAAAA0O78%2FUidx%2BLnOQuE57TyUwz32%2F%2BZs5uNHH1QuVD8L9r5YzLS%2BjiPAoZH35QZyS8tWUkYipoCefiAgg1xe2tu76ZfblOWkyUJiKz4MASMMV9BFIXiJIvOqjPpLdoj%2Fk05gDHvHiCO%2FfkezkmcE%2BQtCrQg%2FBc%2Fi1ksazaKy0ElnWfgdv8ZjhL5EL%2B4MGE1%2FI3IIAzkZ6tlgi7bSYwkZVB9nGU%2Bfg49L1OrEV9rshG7u6evWAgjx1dQK6UNbuqgg3EIiUMw0SwHs0PQRboJ2cEwr1U%3D%7Ctkp%3ABFBM2J628_lj"
"New ListingApple iPhone XR - 64GB - Black (Unlocked) A1984,Pre-Owned 路 Apple iPhone XR 路 64 GB 路 Unlocked,$99.99,,+$24.88 , United States,https://www.ebay.com/itm/387046359842?epid=9037653880&itmmeta=01HZ7KDHWJTZ6QGYNGVZJWSM1X&hash=item5a1dc2c322:g:awUAAOSwWoBmWcDi&itmprp=enc%3AAQAJAAAAwAOMCvWuRLdk6Xis84Uexy%2FtdDFtMWGguaRvnS1%2FMjYDLMaS6434O%2BMUlI7XOq%2FKEV1w1h6CYyaTYFhmJm%2Bio5Asc2D6bQEhsyDjt%2B1jCGFiS7AMnHKWbieCjjQn%2FjhCUIJdw%2B%2BB9KGLwjV1vkW76fCIuM0La3N%2FpeSN1VEM%2B1O4GZnQWLx2Sew1epJ5csZq1ch4RHp0YxthPrP%2B0YVz2Eq15ZCiYewMS%2FMME1umrDgdHfES9GVQfmSbpTB5wmQYoQ%3D%3D%7Ctkp%3ABk9SR9ietvP5Yw"
"New Listing  Apple iPhone 11 - 64GB - Gray- 77% Battery -Unlocked {Fast Shipping!},Pre-Owned,$190.20,,+$8.73 , Canada,https://www.ebay.com/itm/166794314987?itmmeta=01HZ7KDHWJZ5676R1WSPYD4W5C&hash=item26d5b744eb:g:21AAAOSwuotmP7Ah&itmprp=enc%3AAQAJAAAA4CjC0gvkou2kJ%2BnHQUhMNj6D6J0MA2Nm%2FFsr78qotvbVy2irdTw0k8ifElJi0FQSEmf1nPsgnnICpEqIYCdVn2nfBLj8f%2F0GrjI3KobNhFPJf47FYfqtZB%2BzOYP1yct5MgkEGn2bd7gKWwPlboRhkS%2F0T7VS4l0B2y0BFW8JOw8w7JFB5jhv6ayYeJ9pFGavmaxPgCQNwWXdZHSwrlkZY%2FVY2FarXy8pMJkl1GpGk9%2BZU2WjjokH%2Bdmng7cCtd0jrJeOyWUhB5i9zMHApFwG39nT525Y3ZVBL%2FrooWGhsQtW%7Ctkp%3ABk9SR9ietvP5Yw"
"Apple iPhone 13 Pro - 128GB - (Unlocked) (Fully Functional) All colors !,Very Good - Refurbished,$465.26,,Free , Canada,https://www.ebay.com/itm/115750517428?epid=17049280598&itmmeta=01HZ7KDHWJABQAJNA7VTEPMT8X&hash=item1af344bab4:g:-mkAAOSwtIBkJfIF&itmprp=enc%3AAQAJAAAAwOkTNspJNm6J5%2FUOYgeGLNPYesJK%2F1QCt69cKefOau3BCUdJ0BASIazzFkGi5JL6sjgJSi2nqhPhWbhXnqtGTf0xUs%2FQcTx8%2BpYth6neo%2FQRMpASbVsX%2FKBzWgzZiqA2tqOsY9f010aNrT0ZFhifwDOQnmyzWmD9sVghys3iwdgEv%2F%2BJ6n%2FCNDOsom1V6tYw4ydevkEUh6izM0V%2BvPKsJxX1r9mmaYBm1W3YNuCs14jmjU20LKh3OQlz5G%2FVsfmDOQ%3D%3D%7Ctkp%3ABk9SR9ietvP5Yw"
"Apple iPhone 11 - 64GB - Black (Unlocked) A2111 (CDMA + GSM) (CA),Pre-Owned,$70.23,,+$10.24 , Canada,https://www.ebay.com/itm/256527221168?epid=9034209104&itmmeta=01HZ7KDHWJHP0NF9SQZV1ZJMKE&hash=item3bba36c1b0:g:J30AAOSw9pRmVj2R&itmprp=enc%3AAQAJAAAA0KtNnHIxzjpmuC7hRWE0B7RxLVAmCoicqO8WOgyQ7EQi7Cj87Bx0HZVRv7cI%2BXYFBKmSq2%2Bwk4It6yV7txIWKt90DYubbMbiyVYMmJ2nfARMuUsE25fBHXDLqpnR0uQQjrbAFkeHh9oYs6spiqqdTHa4z6ZexUaOnBGK1N7kFFV1kAXMVzB1DKksOsEdjEpQXveXHt9gmGjqzC5Dw4ZL110eyFay99UkzP2kwRotuTgJUpay0Qw9n%2B%2FVej%2FlqJjlASsxHundbm0wFKO0FuB8Xa8%3D%7Ctkp%3ABk9SR9ietvP5Yw"
"Apple iPhone SE 2nd gen 128GB Unlocked Fully Functional with Non genuine battery,Pre-Owned,$98.75,,Free , Canada,https://www.ebay.com/itm/115607306227?itmmeta=01HZ7KDHWJSJYSPZB5FHHP5HDB&hash=item1aeabb7ff3:g:TLUAAOSw6ZBlqaFa&itmprp=enc%3AAQAJAAAA4EAoi28KCvOLxGQbtHkRzagHeX%2BIDrJt2cr3W%2BYbCvKnXnlJYXvP3B1OyrQluLkdt9JIaXToMJQ4k1YexLsnBi40Fs4C74RWNDKejRgpFpuYf4mLpYlcurOltwnzuqQFlY3BYHt1QtJ3KnXmgVEG0O4rBrAOuY6Kh0m4ctX5M1bBlyThMtA4BHlCESP%2FbaQfTVovydC2xd%2FrsIWkrPEnlHj317lLWgCuSegu4fqdGmCw%2FLfwaYmaPutZDDy9jc8gqNNI8yWIsp6qssurm8hUIWR0%2BAwfXVSGQLRrhGnW7ibd%7Ctkp%3ABk9SR9ietvP5Yw"
"New ListingApple iPhone 13 Pro - 256 GB - Sierra Blue (T-Mobile) (Dual SIM),Pre-Owned 路 Apple iPhone 13 Pro 路 256 GB 路 T-Mobile,$320.00,,+$34.16 , United States,https://www.ebay.com/itm/405008918084?epid=7049287454&itmmeta=01HZ7KDHWJN0M0FBACA7MRJ6RV&hash=item5e4c69a644:g:JfwAAOSwAGNmWPON&itmprp=enc%3AAQAJAAAAwBHCMBOPEjdA83FpdVZ08z8IB3G7k5hyO%2FTS6z3OCdyMLTmd2gw7TMSVWHqlL0aR9vYBgLv3hD4We4gjw9b9bbwUow0yReU1yAwH3WXb3xHxQm%2FxByDh2lwXtr0894qZ9WC9FcXyiyK50UJxhY1EhYiOmJoQafDrdgUQSNZxUWDuf4%2B8M42cC2M%2Bdz6RLOdaHcZ152JRfSC5S%2FRYvQg1urq8oKIRnzET9x6g92DTGw248Skj0EW7fkgIgzfWHntJBA%3D%3D%7Ctkp%3ABk9SR9ietvP5Yw"
"New ListingApple iPhone 11 Pro Max - 64 GB - Gold (AT&T),Pre-Owned 路 Apple iPhone 11 Pro Max 路 64 GB 路 AT&T,$180.00,,+$20.61 , United States,https://www.ebay.com/itm/335418543677?epid=9034209107&itmmeta=01HZ7KDHWJ8AGHH2F3PH03W16K&hash=item4e1880ce3d:g:GiMAAOSwNWtmTovg&itmprp=enc%3AAQAJAAAA4GtOQ%2FOaE1yRRsu2JgaKo1v2vfnuUj6pPRZX4yyvLaIX4IkrOciwRt53otC498YLq%2BbP%2FjU14%2B6kkc5OanVWsJpOAmHsE8XM0iBOaHSCKkRbxcrrlLF8Irv9iKp20%2F74c6EU%2FFV3p4KVPAI3IAbJbFobUhX32U2HVObA7RmVJSq%2Fk%2FykAC8nYIac%2FGpe%2BZ0RS%2F4Bh58OibA3zqC1JW2%2F0FnRhAMrMyfNIo2dm5yDVk5tzG8ZVBPNacH4SRMzhRXUmjGW%2B4N%2BKGoblXGnmTq9nkPKoE7RytYsdjgdP62JEFFx%7Ctkp%3ABk9SR9ietvP5Yw"
"New ListingApple iPhone 13 - 256 GB - Midnight (Unlocked) (MLAH3LL/A) (Single SIM),Pre-Owned 路 Apple iPhone 13 路 256 GB 路 Unlocked,$304.99,,+$31.39 , United States,https://www.ebay.com/itm/315405058138?epid=3065007322&itmmeta=01HZ7KDHWJ9MYB76WCDCA05RPX&hash=item496f9b405a:g:VIAAAOSwfLxmTW8a&itmprp=enc%3AAQAJAAAAwJg8Q8ElOWexR%2BoszmT2jl2aXoc60MoBmpyvk6ZHxisYQJojvNBgSWUmPCfIPtSvVRGXPACrQo7hF%2Fn%2Fothx1FJg30oj1VudvSe19LR5FBer1bq3f%2FCzadGtAmIGR6LUtG4dejJhteSjV21lO6UWhdutDE9W9CezAzel0dPavOI2Yh0vNBK2hP70i6TONQLcMD6m4224Bkyv9V5d4tSECU74Jf6sAPT2sGffTjJ%2F5S7O3IZ1yenURfGWsngSwZF76g%3D%3D%7Ctkp%3ABk9SR9qetvP5Yw"
"Apple iPhone SE (3rd Gen) - 64GB - GRADE A (Batt health 93-100%+) - UNLOCKED,Excellent - Refurbished,$197.51,,Free , Canada,https://www.ebay.com/itm/315382628878?epid=27052767048&itmmeta=01HZ7KDHWJ05RW56DA9YJVMXVN&hash=item496e45020e:g:yG0AAOSwkJlmTL0Z&itmprp=enc%3AAQAJAAAAwPTq8khYmXYsJQROx1I2QFseSutm2QESKr%2FDl%2FuZLHKEiMZSLc9Ih46a6C72qos8%2BdV7AeRIFEu88agAz7m9DyjiiGeb15U%2BGE%2FWXwdxhBHgF2KR793BiQ7XD358p0hV5JkrZpCiJrtOLqzQgZYwjy5ikF7FKMFHfc9FkTOducDgKTkGVt9xqTN24knEaYjw9rQ2%2BtjP9kO3kAbnRXlOmBvrvclOwROAPRSce7SddGjm4PQZmj4KpeHJEx5Q%2Fjh33A%3D%3D%7Ctkp%3ABk9SR9qetvP5Yw"
"Apple iPhone SE 3rd Gen 64GB Midnight Unlocked Smartphone Fair Used Black,Pre-Owned 路 Apple iPhone SE (3rd Generation) 路 64 GB 路 Unlocked,$110.00,,+$27.07 , United States,https://www.ebay.com/itm/135080899499?epid=27052767048&itmmeta=01HZ7KDHWJ3MSGYNACDHNBGGN9&hash=item1f7372f3ab:g:qYkAAOSw28RmV6Qg&itmprp=enc%3AAQAJAAAAwB3pzULYhTA2G%2BVYgO1MsWNg9b6wD4YkFu6w0QrZziolwylTfg18U3J5%2FQD4tRRba163hnb%2BfKmovFoqcPAIcGx1yAcggiBanpmSRulSt5v8zD6PUdmvXBIlPagH0tBiKQPzMlkEOcJownSFtIxalphjjNnKzjrXP4l64jR9FPOCCO5zmtnLETTWTTcPIwXMNKLq07o4aCoc9yHZ8weGHZiKZRAZGfgkvxBRw6MrKZUQcc7Q4FVNEC%2FdOV%2BVje1LWQ%3D%3D%7Ctkp%3ABk9SR9qetvP5Yw"
"Apple iPhone 7 Plus A1784 256GB Silver UNLOCKED & CLEAN IMEI W/ Cords - LOT OF 2,Pre-Owned 路 Apple iPhone 7 Plus 路 256 GB 路 Unlocked,$155.50,,+$49.21 , United States,https://www.ebay.com/itm/266834834907?epid=3049376966&itmmeta=01HZ7KDHWKGWHRSFZA9A3TAEZH&hash=item3e209875db:g:4L4AAOSweYxmTKYb&itmprp=enc%3AAQAJAAAAwJRO3ssoY8Q1sMAz3YuzZqREHBkguHrCF1%2FUYJ5K8NCSaPa6DHCQ1AjWCf1FOzHW%2FD6njrCkCT0x%2FX%2Fno2e7%2BNHASMM4FxwfqGGyYD0af5eE6oc5v0%2BNKCi6%2FdRgJHqlfO57XCo1e%2Bxp9u7l703rOK%2BPsQFrV3SlctcKiIuLYqLX%2BBIqryxzHJgtzmapIYsBYRV2KFqz8h3KUHVhWlwvap3h1RH2g7%2B6YZufNA9JESrOx7GV2ZLNdZYX6SqkfRLB7g%3D%3D%7Ctkp%3ABk9SR9qetvP5Yw"
"Apple iPhone 12 mini A2176 Unlocked 64GB White C,""Free Shipping, Free 30 Day Returns"",$179.99,,+$18.86 , United States,https://www.ebay.com/itm/186046975674?epid=13064995511&itmmeta=01HZ7KDHWK36A0S5VX3J5RPDH8&hash=item2b51438eba:g:92IAAOSwOTZmT2zs&itmprp=enc%3AAQAJAAAAwBoJk8H3D25qIT6sg%2B0mtiOhmOTt4VXQdQPcGzdy5%2FRS5zSTPari35mC2E%2BihfSSpmw7pE6VcY06qsSdHCWyV0OnlaygihvMFAq5OGtonQklBQ4HggiBSTrDHsM6LLqoXz6nQUzpwasJpGlWlm8Hgct4CgKPlIlGYW6wbFXg0YxcGa3RwMad425SDl4kkp2QwBnCMAdevkHS3lGidIbh44ab%2FvM0cr%2FxQ5hynAqOSur45O6Oojd8c717LyG1ZGDobQ%3D%3D%7Ctkp%3ABk9SR9qetvP5Yw"
"Apple iPhone 8 Plus 64GB 256GB Unlocked AT&T T-Mobile Verizon Good Condition,Free 2 Day Shipping!,$129.99 to $139.99,,+$18.19 , United States,https://www.ebay.com/itm/145543525213?epid=245220725&itmmeta=01HZ7KDHWKB0VHHAYQXRD96372&hash=item21e311f35d:g:rpkAAOSwuQ5lnNup&itmprp=enc%3AAQAJAAAA4EQfZZusJ1gkhQew0otQ2pWARTyPr2RUGnCrKB4%2FChwqTqn0IXn9kNaEEg5FAXHZOwOaraLBT97bIzckhlecVrG1%2FUzHLotg0ST14CmsryT2piNohzPA%2BChHovJWeebJmZKe6kiMWT1edA%2BNarQhrGykYC0nPppTyAG7dT4CSW7wAVQPrQvUiK4m91RbLIF2Tv40dPFQ6NGZ4p%2BQP5Pwb%2F01K1YV%2FRNGJJe7RD3LDzWl7Mf0S74xJM7mt3MYYactS5U90IrnNcmVTKZ8%2Bz%2FgaQ7Jlgjhnx9p4fbLFsZOC3mk%7Ctkp%3ABFBM2p628_lj"
"Apple iPhone 11 | 12 - 64GB | 128GB | 256GB - Unlocked - Moderate Scratches,Good - Refurbished,$415.00,,+$26.54 , United States,https://www.ebay.com/itm/126503762975?epid=19041715477&itmmeta=01HZ7KDHWK8SVMBHJ6K9DRCXHX&hash=item1d74363c1f:g:AcoAAOSwotJmUMW-&itmprp=enc%3AAQAJAAAA4MteSOQ53I27XY5%2FjSrlDCps%2B3eNbeXiTKHsKDII471IFn6S8ZxvrCmdFazvUh%2Fax6PggfOUtzXrUSRpydjgXPaPx%2BwWAOaSUgcmFUxe4Y9caBbnwvLI3SRuzi1iWmfzb5a%2FuabIuRmMSpt9kvzEeCf2wKNTPLeTTsVdrqXdT3O0FZpyY8bANP9rM%2BBhoQ1Kq6xPhZ%2FwGgcqs7HEpCi6yHkRurkCJHPWbefQ9Q3xLHamAt7F56VV3d1f9ihmXnCDhm0SgYOgjGg5hc7tsOvjIS2WbumGCXr%2Bkv8FB1Joz0Wv%7Ctkp%3ABFBM2p628_lj"
"Apple iPhone 11 Pro - (Unlocked) - 256GB - A2160 - Excellent,FULLY UNLOCKED,$284.00,,+$22.67 , United States,https://www.ebay.com/itm/364837144481?itmmeta=01HZ7KDHWKQAVTT52XACF2AKH8&hash=item54f1fd07a1:g:IkMAAOSwgmBknPSk&itmprp=enc%3AAQAJAAAA0G9vrM%2FkIlPqQvTucADdShr6G06QsIp4Wtmg9tNnr92kUbmCo8X1IdZ%2FaQMkDj2YH%2FR9W8Rtz6IGil4HkpxvsgXYger15U8AMzZYrrI2aKY8dizRX9Kf2LNklLipWtEpNolCYt4v3d%2BxIAR5CRnfm9R%2FV7k5Km3QlXgtfCB5s24eQusVjoWgVXnhmO1MyGiJY4EXcX%2BFXWbxe7pBzCJ3qLLIG2kVciVaXD%2BOgjAzQLtmV6RBX0imapXyRC8VIuu7HLjxBYpg1GfHxgZ98yLWmT0%3D%7Ctkp%3ABFBM2p628_lj"
"Apple iPhone 12 64/128GB - Fully Unlocked - All colors - Good Condition,Pre-Owned,$215.00 to $313.00,,+$23.82 , United States,https://www.ebay.com/itm/116076934588?itmmeta=01HZ7KDHWKAZ812XZX8XRJXEP1&hash=item1b06b975bc:g:sRIAAOSwY8Bl17Dk&itmprp=enc%3AAQAJAAAA4KK0JDJppL9ZyAF2JeY2%2FtLYQIX%2BxM60q5BYFcf5xztWP2LiWXN5SHJNo1RJGSb0Sy9%2FFXwwTtZFNWe2D322JA0HGXU7X1Qldw%2BtBWl1fhOpQAVMUxzyKduoNTWBGtfUd7GaXF22WLq2HKquBus9DcS0U%2FBSX%2Bt5GW6M7yALBgA3%2F4FKswZL5kmLs9R2%2Bagtodjwfncw%2FB2IIRyYgj0fcp0LtIsc9Fkq2pW6anY3hZI6JzlkSRb4v1ml0yZGoYvoM7%2BRiS7ULmHCSss516U5gr7RwfGK5lLsXz848Au3ExKc%7Ctkp%3ABFBM2p628_lj"
"Apple iPhone 12 64GB/128GB/256GB - ALL COLOURS - UNLOCKED - GOOD CONDITION,GET 15% OFF WITH CODE MAYPAY15,$292.98,,+$38.22 , United Kingdom,https://www.ebay.com/itm/334135618770?epid=5041723844&itmmeta=01HZ7KDHWKBS4DN4ZV11WR3BXF&hash=item4dcc08ecd2:g:Pa0AAOSwcn9hMf5E&itmprp=enc%3AAQAJAAAA4PvGcEuRmlAVO8mlCginSZeBvxONcPkKTGfPxbp%2FmY7gFxVgxi2SsVOWfjdv8N4%2FRLjrojapu%2FRa9FqU4Pb8byT9AIueA0Us7oinZZE8BRBYYcoUVGs%2B5SCpwV1EwI1BbgUIC6ymNVFHslbzNgxuHxMePpxJJjO0HEx3sYcgtTgu40oulTwO%2F9Qs10fNADgws1PONxYnHk0uCVj8kMi9AVbztkxkGYUn303A9gJhOc%2FeZWeEFij2zq9XgqBMTh6Ziz4QbGcA1SDkk7t8PXnF8LmiJ1DiYoS6ZnVRXJZhxrlv%7Ctkp%3ABk9SR9qetvP5Yw"
"New ListingApple iPhone 11 Pro - 256 GB - Green (Unlocked) (Single SIM),Pre-Owned 路 Apple iPhone 11 Pro 路 256 GB 路 Unlocked,$275.00,,+$23.70 , United States,https://www.ebay.com/itm/204811349924?epid=26042007475&itmmeta=01HZ7KDHWK0R645TGF3VJXTN36&hash=item2fafb52fa4:g:c98AAOSw7kFmWdA4&itmprp=enc%3AAQAJAAAA4C401jYnkALVsZTQqceWlJKY%2FSQ5KILG%2BAUsk3%2B7EoLq1ne8MTczxcyxumeos3N5zPQ3zQRHuEZX09y%2FfnLGQEwbcWaf8Hd9iHzIuxa41NPZHcRf1gxfPA0iKRkXblKwFfN7MniyS8df3vo7C0pW%2FQezoUW6Ei9PJ%2BzWt4Is3Ku%2Bf4GZt8MrxlC9syyim4p6cZlVcDHRT%2B9gPW3mHVCVi3asZZNaJDpcoMxjpUe%2B0w0kRyJ%2FDmA%2BEk2Vud%2BhfV8Yb%2BXDA2VneFR7pxIDxscM2mQMksyr23CZzCHBxHk2R7ea%7Ctkp%3ABk9SR9qetvP5Yw"
"New ListingApple iPhone 13 - 128 GB - Blue (Unlocked),Pre-Owned 路 Apple iPhone 13 路 128 GB 路 Unlocked,$342.50,,+$30.94 , United States,https://www.ebay.com/itm/335418985801?epid=4056433567&itmmeta=01HZ7KDHWKMNRCEW3N2VMVPTFK&hash=item4e18878d49:g:HOgAAOSwS7JmWchf&itmprp=enc%3AAQAJAAAA4MCmxqbiAUY3dNQyEdwgIYQiihryah7IY2eRTBx8KscSP5shEV6g9ipJG1A9WoPj%2BVOSiYqSo5z4CdkKiUwKncOr1V4vsD2acXBgbHdIdgopF%2FZUZ0qo%2Fux6sCnXG8ODD%2FO8Hh79Y1dJPhNpfhEhsmhapMnnaMH26muQJQYOyOkWIpEDduMWVw9Nh4MSo%2BAuS90BD4XCYyuWFTKQFJWWPx1eRKGhWBLHxYAE3%2FVyTZoLQoWqMO8pgahYldgTx50Je%2F1qYnAu9Mm9Pi4Yr71rftX7lypc%2BUQDQihTS8S9u07%2B%7Ctkp%3ABk9SR9yetvP5Yw"
"Apple iPhone 12 || Fully Functional || Unlocked || Excellent condition !!~~,Very Good - Refurbished,$270.31 to $301.39,,Free , Canada,https://www.ebay.com/itm/114894338163?epid=12041705164&itmmeta=01HZ7KDHWKP30EM1B1BRCVNZ3H&hash=item1ac03c7873:g:BKIAAOSw4JBkLJhW&itmprp=enc%3AAQAJAAAAwJfimYAppUz4C2NH3BjQfnIbvsbGM5k2efK035QktZ2j0FmlQzte1WyxwxZJehwbKCtXG7PxcbReVsJYwBgHt9PF50KxCDa7iKy%2F2FPkwteEvdOP1%2FD3aHq5AHZitS9HKSrmr5L7vrYmYuOoJ0VtVUZHx9wyhG3RdviYBz9XqOnP3pNghgvVhFldqqd5gUa1WkjJ6QbK4k7d5w7BX8GVqsYJoDfyGCX27v%2B8IeOyH9DJSkuXMqYfF8NXpTjL6pWiCA%3D%3D%7Ctkp%3ABk9SR9yetvP5Yw"
"Apple iPhone 13 Unlocked || Fully Functional || Great Deal !,Very Good - Refurbished,$354.80 to $420.64,,Free , Canada,https://www.ebay.com/itm/116191154882?epid=18049286543&itmmeta=01HZ7KDHWK11JXPPY0E520PJBK&hash=item1b0d8852c2:g:6vEAAOSwNaBmTjbF&itmprp=enc%3AAQAJAAAAwM2SIrEQehQDu1jaXgdX14HvURYdaAzaW7KNtIL%2FQI1pRZGxDHHgqnmt%2B3bRFq7bElAHqdzHcahyv9mxqLS8Dznudb0z8y62%2FasYzU2BPY8--rgqkxOAIJyTv4vsn79Ir7nMaJ5pq%2FrA3Qw5CjBbWsSTJ1cJfhWGKt5%2BGf4nB1F2sqNq9eywPjcbmSAuP4X25fQKEyaelk5wqnoZgpLoPZ4M7kH2GPcoYrjQOmHvyaTU31IPUdHHLQsjafyJpKZHIA%3D%3D%7Ctkp%3ABk9SR9yetvP5Yw"
"Apple iPhone X Space Gray - 64GB - Factory Unlocked - Good,Pre-Owned 路 Apple iPhone X 路 64 GB 路 Unlocked,$149.94,,+$18.52 , United States,https://www.ebay.com/itm/255749284766?epid=2310781314&itmmeta=01HZ7KDHWKZSCG002Y8V5D7R5E&hash=item3b8bd8639e:g:UmIAAOSwPKtlee8C&itmprp=enc%3AAQAJAAAAwGKSXxROSWi387FFcDavNKhJq5uvGP0HNNi4pCFudzlLas2DE5b7fhCwHSaXzaTND%2Fv%2BUMO9WHtRHTARb%2FRND%2Fh3TiNoS%2FKIlzmOqI3kYAX%2BuCMuz44%2FlvkXipQThODEMvB%2FEmH449KmX%2F8bZysAdV%2FgDL9oL4tZU9R94JdNg2rGnF1eaYZe%2FilrmETAorlbsEoCqn4%2Bk6fbyWwWid8LyA9pQOKgBpOBc5ug%2Bo9ZngEfAJsCRyQzdccRFKRVxfA7wA%3D%3D%7Ctkp%3ABk9SR9yetvP5Yw"
"Unlocked Apple iPhone 13 128GB WHITE Very Good Condition,Pre-Owned,$389.00,,+$32.22 , United States,https://www.ebay.com/itm/266833788181?itmmeta=01HZ7KDHWK2X99P2ACG7ES36BM&hash=item3e20887d15:g:b3sAAOSwth9mQUH4&itmprp=enc%3AAQAJAAAA4FSp5Q4sGJp9m6wywrhHsEkLXz5G1w58ZdCj186j--g%2Fc3VFbSE8ikl8fFEse%2FTlLvVXJ%2FRh4RhjXqi8%2BKHV0J96a49sS88dwR%2FLir37AuoUMHYvEjQSv2nmSKD3e0CGWkUOsiym4KM0bj3cnnUTy2Y3C86m2hWf1kUvCjv0E0lc5piXzvvdRw8IE1KJdSIz0co5ygK5c1b5WGzElXIG1StMxzm1DqQDuFFwD90Dq2sdwvcE7fe0u6zz%2FfGNqhraNBRTcVB6HZpN1Pad5uIxyP9XkdQctqmk%2BynsLg0%2BQDL5%7Ctkp%3ABFBM3J628_lj"
"Apple iPhone 6S Unlocked 16GB 32GB 64GB 128GB AT&T T-Mobile Verizon Smartphone,Free 2-Day Shipping!,$64.99 to $79.99,,+$15.76 , United States,https://www.ebay.com/itm/145629335410?itmmeta=01HZ7KDHWK1GBZ0WNV5MF3DEYD&hash=item21e82f4f72:g:dCIAAOSwQKplrv76&itmprp=enc%3AAQAJAAAA0HSB3M05g6gbJTkXVQqL39r%2FRtCOSYC3tzj1UP6bEFZIITi78vVfchbGYWe%2B4yNbNeTYgtL%2BARTN0RTBD%2BOWtsBF4sTBzBGlKTsoLbj7X1%2FITlnqpJOBHhRy%2BXKeEFM%2B9wU%2BmKd4RVOTALS27c49hev0jey6KSXSy6EiB8Yz5pc9DVAMKObELql4IbVzqsu7NqrWVz4nikTtGJaNZYX0k8rdgBNDXiaZesX%2FC8pEuLMpy30t9aOrZv2HrGT%2BQKYNLysLBEcPeGPe5F8whzybYc0%3D%7Ctkp%3ABFBM3J628_lj"
"New ListingApple iPhone 11 - 64GB - Black (Unlocked) A2111,Pre-Owned 路 Apple iPhone 11 路 64 GB 路 Unlocked,$164.99,,+$27.00 , United States,https://www.ebay.com/itm/387046569755?epid=14034212885&itmmeta=01HZ7KDHWKZH6Z5BYXV348DCAG&hash=item5a1dc5f71b:g:zqUAAOSwtQ9mWeS9&itmprp=enc%3AAQAJAAAA4LHkbF%2BZFQ0ww1kGDc%2F2yFkc8I5oIKTPL2uApx0ImFRpSl0aE7KTFYM4DtQG2C3kLnSVjx4HiRNtfPJM3N1T0Z3gcUD3o7MsjSNiL2fsuV5aGg3bJXvWkLHQknIKsqQkRGIHGhXzEKJkQy%2FJu%2FotOx9ux%2BJAYEzIHYJF0iaeUEW0VAdktNrsmJX4Z5dHjY3C31lY6egHoOPbmec7rf4057DQPAKuPIAzD4uouoIzs1q6kewFCD4gW5nc5kRsJmQyqHl%2BS37Q%2FmcNgAAmpy7gEGPPjk1IqaWVJEVEIkSxUe5M%7Ctkp%3ABk9SR9yetvP5Yw"
"New ListingApple iPhone 14 Pro - 128 GB - Silver (T-Mobile) MQ003LL/A - SIM-LOCKED,Parts Only 路 Apple iPhone 14 Pro 路 128 GB 路 T-Mobile,$449.99,,+$28.27 , United States,https://www.ebay.com/itm/135083437949?epid=22056258358&itmmeta=01HZ7KDHWKZN3QZ6T50RFYQY6C&hash=item1f7399af7d:g:2OoAAOSwlD1mWctK&itmprp=enc%3AAQAJAAAA4PylyF0rh09Kzkk57iqZTf2HzAFfGpTcbbmq%2FUVi85VkjnpfGQJJxLY2CrnYUXIwdPBsmCNfkzrj12J6lwT6uDDGEpO3uU8D8j9Dv%2BECUyv5jA0n2OjVtegoetVo4zpxHPBa46Q8UFYUvIP%2B470L%2FE1SOxFz2BhU6MWJV5%2B7n%2BEF8VbSkWJxnNHLXCvgwV6SPJu2i%2F7VCqzFy%2BY4cvdAjs7cntI%2FE%2B2rlOUa8KgyB3wxHjwVHB3qYO0vcMpoivfuFxyRj%2F9jcbLvYMUF20dJbVXLqaYUDHT31sGQnwU%2B4HKy%7Ctkp%3ABk9SR9yetvP5Yw"
"Apple iPhone 13 5G 128GB GSM/CDMA Fully Unlocked - Midnight - Good,Good - Refurbished 路 Apple iPhone 13 路 128 GB 路 Unlocked,$329.99,53% off,+$24.03 , United States,https://www.ebay.com/itm/394656153631?epid=5049289956&itmmeta=01HZ7KDHWKTN75QAFQSBWFVQZC&hash=item5be357001f:g:OfQAAOSwbFxkeMto&itmprp=enc%3AAQAJAAAA4CHjk3ljsgPB%2BIrJAn5Iweh2ukniH5VDK6OB0HXkp4DzsIDKQqdai2vI4zT%2FPBMlUzXYU9Bz4qdWIs2AgfwZHVdTHiR2A%2BAmUpQp36aGWXPVYIEY0MWe7IJEGRdrfNjGE9Yw96zKz8SIQuZU%2B0zppPBT7c%2Bul7u1MrVfQP708C2FJ5FIi4YC1Nrgx9W47icB2q7MSozQQFp5PDQn0xJa9emUu7mb1tUojrLb2tA8i7b16N2lJrwdal08P%2FlRCtTQxjlg44qqjf7SXUPMDjnmZJoUGMZv%2BWQ3yu9Bhht49ypg%7Ctkp%3ABk9SR9yetvP5Yw"
"New ListingApple iPhone 11 - 64GB - Product Red (Unlocked) A2111,Pre-Owned 路 Apple iPhone 11 路 64 GB 路 Unlocked,$164.99,,+$27.00 , United States,https://www.ebay.com/itm/387046593976?epid=22034217304&itmmeta=01HZ7KDHWK2KD3NR20MSZ993AG&hash=item5a1dc655b8:g:eZYAAOSwRIxmWedr&itmprp=enc%3AAQAJAAAA4Oiz9g03PzaZo4tZ%2FsX6GXh1ZtxnoX5Arj7BtiI7oXbbK18%2BjGXN5Err%2FQ%2FRmbDhrqc%2Bg2VL9BlapCygdBzXppUATluXY1muY0xH8MHHU9uZNLpGnP0ZUVp0M%2FSKXOeqA4ICtk852EF8OiEAGpw1mKi1zR8Gmi0DpBhSzY4Z5TBA3B46OpFO%2Fse0nPgK3FsAtd7Se0DRt7fhAE7XTAYS3DwLPP6s0xUFrCuMphyw%2BqQ0NSeKIZiPdODye8GsJ9roqC1FSdDTC4BYcMay%2FJ2wpeyqjPisNZC9bGMCrNo2m1F8%7Ctkp%3ABk9SR9yetvP5Yw"
"*UNLOCKED* Apple iPhone 8 (64GB / 256GB) - 1 Year Warranty,Pre-Owned,$109.73 to $149.96,,Free , Canada,https://www.ebay.com/itm/124927545240?epid=239093015&itmmeta=01HZ7KDHWK3Y5ZNA7WJ07AXY3K&hash=item1d16430f98:g:xuoAAOSwnq5hVfyu&itmprp=enc%3AAQAJAAAAwHxJ%2F1U5krLmBrYsZrXGDt6xFEhX4bPbP0Bl2rQNNv22OAYeAdygEX3VB08X3tfHmldjIi6Y9KqPTl6xQe9xbYGFveJS2qTTpReQBYMgeaG%2BLKecf1eMtntFhIxBd3jBwzmfTR1sOjjGKhF7oOHP70YTs%2F1es57WpJORm5Kj540xNKduB47ttOCpDiWPrOspAMI2q47m3toKoCjQLNjXETUb6j2lVG7V92GWsp9cHV1BNexErr0N7oMBiCerAVFOVw%3D%3D%7Ctkp%3ABk9SR9yetvP5Yw"
"*UNLOCKED* Apple iPhone SE (2nd Gen. / 2020) (64GB / 128GB) - 1 Year Warranty,Pre-Owned,$135.33 to $175.57,,Free , Canada,https://www.ebay.com/itm/126351880640?epid=12037841565&itmmeta=01HZ7KDHWK9KX8PNRM627KY2VE&hash=item1d6b28b1c0:g:BPEAAOSwOLRl3lhX&itmprp=enc%3AAQAJAAAA4GUYY%2FH--j0pBdXJ3lEO4MOfUjZQ00Z9FTOXurZmDD52ImKRTDj2HBLYQtBAIXMN1xHBPbsNgSKsvIxY06ckFdYXXZ7iwJ2Qe0Ewtfwtp%2BBEBoPbP%2Bxr0YcZyR7doxjmleF6DrzciEG1dxwBCD625BI05bBkKVxu4I780xI4DDbTbR5xEec%2Br8jeKWA4sIhIZK8l8rEyTnLsOHYjIiXYMJVlmhz7AypO8kFXS9YtDduyxdKEBijw9GTN6GyMW%2FggQtE0TX%2BNeu0mzw48sYF2nMHJpOBT7EtVBbdzsIy8dq2K%7Ctkp%3ABk9SR9yetvP5Yw"
"New ListingApple iPhone 12 mini - 64 GB - Blue (Unlocked) - Excellent Refurbished,60 Day Free Return + 1 Year Allstate Warranty,$209.99,,+$20.49 , United States,https://www.ebay.com/itm/285884741600?epid=6041725386&itmmeta=01HZ7KDHWK9J31VH4WH7PJVQZS&hash=item42900ef7e0:g:EeQAAOSwYodmWOnP&itmprp=enc%3AAQAJAAAA4HJEcDKOoijA2PfNYCzY1QduRTbYLu9EmDmdLw33o0HEdPhlD9--WRS5OEesffoN%2FADKIeQIHojBQZhAj70QeuPwKjOU23XKdrYy5riUjohw4CkIXkcn4u9SFnU4rpP%2B9%2FVXYJBfJWQgsWvRMdegwMzq3re%2Bmmb3w1%2FGcxjxsS4vtBBH4BVq7RFSHcHL95eDjrY3TyWsupHDKhlqs7Ybiz5T9lpoD%2FMO4FzCrsQH%2FfDGX0KuX2LObCW6DFC3Xoj8sTNhRu6WKcWEjIpdQh9%2B3ks1TimEPge7wzHweLdI8Qly%7Ctkp%3ABk9SR96etvP5Yw"
"Apple iPhone 11 Pro Max - 64GB Space Gray (Fully Unlocked) - Good Condition,Pre-Owned 路 Apple iPhone 11 Pro Max 路 64 GB 路 Unlocked,$299.94,,+$23.39 , United States,https://www.ebay.com/itm/256364200676?itmmeta=01HZ7KDHWK0PRTTSH451FFENBX&hash=item3bb07f42e4:g:qVAAAOSwWdhlhGtw&itmprp=enc%3AAQAJAAAAwLbn1c90%2FzOx9TYtETZl1kjzyapFTQLwhtKoTu3NTlhzDktYH9mtFlzCZoT8KrJd6TdbhDQhkBl1t3CHCBzhGVhO%2FQXNW7tFHR0CLreBKCJ5XnsFjEhxXw4zh724LPPcd%2B49clsNjnqISLUJ9JXLzAWaUUir2YGhrnT9zK6zB0hKIGI0JwqogKAuHhnipLtpsvBC5gjiax7XlIEvcRstfSPnyoIR7b%2Fhgb07hUEt5Hkz%2B%2FUPTpqY%2FuilqXnrfZ%2FqCg%3D%3D%7Ctkp%3ABk9SR96etvP5Yw"
"Apple iPhone SE 1st Gen - 16/32/64/128GB - Unlocked - GSM/CDMA - Good Condition,Free 2-Day Shipping!,$54.99 to $62.99,,+$15.69 , United States,https://www.ebay.com/itm/145575111894?epid=240464737&itmmeta=01HZ7KDHWKXW8G58TS9E61TH4C&hash=item21e4f3ecd6:g:M-IAAOSwM-9lKKBe&itmprp=enc%3AAQAJAAAAwIhxMrxTHQL%2FSi6exeLIp3OsnfL%2FaBZm1IGMUYkOu7Mg%2BHxwnBJl47yiO3rgexM67H0RjkhuvmlBYUuRGJEQeKqc8mCi6DPV%2F9Gy3LS0nwZKMuT%2FBJL2et8bQX5oqkPjmc6T8JBVuRTjXe2TjAczKRTJr7S9D03DnPr3wSPNnu91BdD80b0h2AJmiHnk6ncEZHqsjT12snN386cHy1htxXV7t3uwxy07yeW1dgSHGWqAifotMemgEcqUUmi7GnFvVg%3D%3D%7Ctkp%3ABk9SR96etvP5Yw"
"Apple iPhone 12 Pro 128GB Unlocked AT&T T-Mobile Verizon Very Good Condition,FREE FEDEX 2 DAY - 60 DAY RETURNS - 1 YEAR WARRANTY,$334.95,66% off,+$20.52 , United States,https://www.ebay.com/itm/294304467850?epid=2312761089&itmmeta=01HZ7KDHWMP0RV751Z4ZXVT98R&hash=item4485e9cb8a:g:Fn4AAOSwJyxlDbtk&itmprp=enc%3AAQAJAAAA4Pr%2Fluu9YUg59o3quwo--JiRc%2FfsKW22FxRqGzXacbRnZZ01jvPS54M7YgN0a0b96KMUdJErQG6lex7oReF950xd2W21GSFlv5%2B2uG9Pa9xDX8Y%2B%2BeU9w6Id%2FHcpJU%2BAbLq7ubQdjC03YkHh2BjOLlV%2FIQ%2FunVawh8e6OgJ6FAnToYxnfhj9erHV2Lzvgb65pQGcXx1xXrnw6g%2BiCQJBLG0gHULnh0BSNfT6PvQi0Bj2Mtk%2Fep%2FtUTFtMpv7IutKx0Zb0lPLiiHQ6iX%2BrZe%2F1Z3Jq%2FVNwacDgjZ26K1sLZKt%7Ctkp%3ABk9SR96etvP5Yw"
"BROKEN Apple iPhone 12 Pro 128GB a2406 AS IS WATER DAMGED CRACKED READ,Parts Only,$45.36,,+$14.02 , Canada,https://www.ebay.com/itm/166786411265?itmmeta=01HZ7KDHWMRYD5J48V8KJ3TXAQ&hash=item26d53eab01:g:3RIAAOSwANNk4v4G&itmprp=enc%3AAQAJAAAA4KU2%2FXpaiH4zBuBle%2BE74o5wpI3Js6PvEcsPeGdVuO7ksYYt5fLUBxs8e5H%2B2olJGcIY7UQBvowgQb7UGh2sbEqnZNnAfdcpZySuys%2BCg6sxCNhM0Bk35xqBGAPnpTeUOCOHb9fk421k1MlZ2OIKTmgsvmawrSvkQ1x8g9FXq3HRQbaXhokSlIzDvgMuoAa8%2FI6aGIdF%2B3nog9FuspIl9R6Mhpdi2TNP2pDReX70pl61j0OyvQERl4PBI1uGhmElEz%2BUUa%2FUO8EnZ22VCdPcfPP4QnOk3VIX3CybH4pryBte%7Ctkp%3ABk9SR96etvP5Yw"
"Apple iPhone X - 64GB - silver A1865 (CDMA + GSM) Cracked lcd READ DESC!!,Parts Only 路 Apple iPhone X 路 64 GB 路 Unlocked,$49.00,,+$15.74 , United States,https://www.ebay.com/itm/204807970143?epid=240455169&itmmeta=01HZ7KDHWMJ9AKFWDR93K4J1TT&hash=item2faf819d5f:g:lIcAAOSwm-ZmSJ4p&itmprp=enc%3AAQAJAAAA4GyRto16vGgvhGApvHwpggtyO14Rvp5OTcd%2BhOt6yDq7y0MZF17evmtb22OSfeV%2BiqnNiItuk0TCBPG7TkkiYDQGSqRYU%2F%2BMdZpblZZjZxsbI0J0in13IFiSgDlDI8lXTVq7tUpxs7I1ykIUOivJIv%2F4RdnXuZu9va%2FQ%2B%2FII50akhV%2BSnKSt00GonfN8Taf%2FCnLUTNetGKuWuWUdw8AqFKFexBz7PHHLodmEkfpLtDv1XzaCPAgIaBc6VWQQVjvvWufNhyVqMbc8BHn09fQJrzhOI9E4p%2FTGO1ZvpPd4N3M3%7Ctkp%3ABk9SR96etvP5Yw"
"New ListingApple iPhone XR,Parts Only 路 Apple iPhone 13 路 64 GB 路 Unlocked,$40.00,,+$16.46 , United States,https://www.ebay.com/itm/305594382631?itmmeta=01HZ7KDHWMNWTJT6N17H2N4V7M&hash=item4726d83927:g:8QAAAOSwMOJmQlmJ&itmprp=enc%3AAQAJAAAA4OHfu0RsV2h6gaLCqf%2F4nVvCUwXrxIo6XlOFqBrcJc27ROW577A1P5jJ5p51nOns%2Bz0MChI5zZJQy1D57rIbXGwjm9Luq2MTXoRt2JgL%2BlXoFrPuNzY407SbCko86Ay%2F5zXmukaOvXOFWLxPb0PEG79hCmI9R6ATd8CSd7sL44PL%2Bj3%2FZLcQmRhGh4wTYv%2BPpw2XSr%2FQ7wwTUNkcWcNB1NVSuQE7gt4NtKCQNSgQ8%2B1J12qxWpcvrlcN9kQnT5ItgGvw2ur9m84sAIrpIQpLytxdwpVtRzjueuxYhbsR5LsF%7Ctkp%3ABk9SR96etvP5Yw"
"New ListingApple iPhone 11 - 64 GB - Green (Verizon) (Single SIM),Open Box 路 Apple iPhone 11 路 64 GB 路 Verizon,$56.40,,+$23.74 , United States,https://www.ebay.com/itm/266838911443?epid=3042453711&itmmeta=01HZ7KDHWMT6NCQDG5Q28Y7G69&hash=item3e20d6a9d3:g:frIAAOSwJhpjZ289&itmprp=enc%3AAQAJAAAAwC7QenUaSAi7d194ZI81BhzVeXB%2BEUFTRI1sLEF%2FwT3WFs4mpYB%2BLuZuHp7KT8GLZL1nZLwnXWbHg1XnbLiL04PNUOn2uFUHuQJ4sByTvDF2dmh%2FGEWCtVVp28GxJRcyGyQxImoC4yN1ga67W3ubSOQL6z93HPUe9fIhbmQNtJwBmcki01J0F7z2%2BynlpSwcYWVyYrE2jpbfCFCgHrhudto6DZPvB68qtTqvqmB%2Fs68vcxIUY0gmPs2W6gmVQnMDYQ%3D%3D%7Ctkp%3ABk9SR96etvP5Yw"
"Apple iPhone XR - 64GB - Random Color (Unlocked),New (Other),$150.69,,+$13.11 , Canada,https://www.ebay.com/itm/176270269508?epid=26023710647&itmmeta=01HZ7KDHWM69EECAZS22KB1H23&hash=item290a86dc44:g:XM0AAOSwUvpmQhTV&itmprp=enc%3AAQAJAAAA4ARPDUXTVkND1bsCO9GdDE%2FIKi7K28oGI5R83g8zRUmDtTVN%2BpJi%2BZHfO4YT%2F8h%2Fx9q1HfJ1Y9YyZxFL1lL7Dioi0z5vXoApx4NL5qFdFy5esZPbwPfblLdB93Jdge%2BnSIu%2FYoA71Yv%2BVFwHkTH9JwjoqgCRMrA894GRqxl6PEnV5tj76CMFlkzNnizD%2BQq4DNPDXGu007TvIlP%2Fe%2BqV9e4jIezBLY%2BUbgk%2B285VIKQZvVQHAMwvcIpDk0nneim3%2F4L0wl7jluKnS5QhFqOsnkh1rGs9ikSbv66R%2Blfntrsv%7Ctkp%3ABk9SR96etvP5Yw"
"Apple iPhone Lot Of 2 For Parts,Parts Only 路 Apple iPhone 11 路 64 GB 路 AT&T,$60.00,,+$24.04 , United States,https://www.ebay.com/itm/266836977626?epid=16034214068&itmmeta=01HZ7KDHWMV0R63Q6CVWQHDRZB&hash=item3e20b927da:g:yqsAAOSwXAVmUaoo&itmprp=enc%3AAQAJAAAA4ICLD2gfPRKCaPV3BlERmsN6ji%2FKmP4ZiE1iSKU3gy5uG3SQ1ad9oKB7QOmTkyQNd%2FIA3Gd8OFZ%2FNI%2B8YY8uq2cW9FEyrXwxMU7xYf%2F343CzoA4%2BrXKLKqEyYCB22WhHT7Y9lwY0556zrZ%2FaC1sZe8jMzu6kBkKmcPwNXKtalAFjCnvECGbGszgkrWbY0rmyUr9kbjJEK35znCMlxRRs4ei2KuSHF8TXupwPgBg%2FZOnMkvP7PO1Fj4B%2FYK7%2FDtkiqy0fVGLPzXSmWhGInZH4QhEueE2V0jQjNrgaIOaM9pvU%7Ctkp%3ABk9SR96etvP5Yw"
"Apple iPhone X | XR | XS | XS Max - 64GB 128GB 256GB - Verizon GSM Unlocked AT&T,Open Box,$124.95 to $319.95,,+$20.49 , United States,https://www.ebay.com/itm/256193691993?itmmeta=01HZ7KDHWMFJ1AZJK0S6TJCT0T&hash=item3ba6558159:g:4d0AAOSws0JlNsD~&itmprp=enc%3AAQAJAAAAwJRRdvgAceZh%2Fhil7F4Q2kqOGOE9EKKCtWKLiYKmSrgbaIeLo8Fc9Ci%2F%2BC%2BOWyXNUBTT6c40nV0KjHW014DV6d0LRLd5N4FN5QCU5JM%2BI8q9YhVyJfE1qKNgja1CW62XibUNfrgs1nTmevk1NZq4IZWEKZkMP6U07CczkQdQGNVvijyH%2BHlwE8AsEDVtR18vM6rSmlRLY1EsYgNKlMmmz%2FgisC6Kv%2BhUag2wZE9mDaM2zwm91FpuOvY%2BULd0lLNNoA%3D%3D%7Ctkp%3ABk9SR96etvP5Yw"
"New ListingApple iPhone 15 - 128GB - Blue (Verizon) - New open box,Open Box 路 Apple iPhone 15 路 128 GB 路 Verizon,$599.00,,+$50.97 , United States,https://www.ebay.com/itm/364921103487?epid=20062769676&itmmeta=01HZ7KDHWME2BDW3XE0262HQQM&hash=item54f6fe247f:g:yR0AAOSwevhmTYJm&itmprp=enc%3AAQAJAAAA0Bg0O9k8KXhTE4%2FPMBovYd5BVuqCrLR9lcTL0KqskvGaQH5TQQLFDjDTw95CqkesGOSbvG6X59wU3YMu%2FAVYkPpz1cKRRzCiEfV4Coy17KY1%2FeQoSxwn3HTNEyx%2BqchnUCqV7fXYqzXMLa6ItAD8pSB2gcl%2BXUNdpc9AS4ekcmOYDXe8MVvte4IhU3AX5j2XfGGgVBOfkiUQpk%2B4zJmaWDI1edxDK4vYUWf4Cx%2FplF4uLuqM74HcnEjc2THci4BgH2Zv86bJOFg8Kzq%2BQkLJSxs%3D%7Ctkp%3ABFBM4J628_lj"
"Apple iPhone XS 64GB 256GB Unlocked Very Good Condition - All Colors,Pre-Owned,$169.00 to $214.00,,+$20.27 , United States,https://www.ebay.com/itm/116084158837?itmmeta=01HZ7KDHWMSVB5RWGDQSER4SMW&hash=item1b0727b175:g:S8sAAOSwY2hl3yzY&itmprp=enc%3AAQAJAAAA4Ojuhl%2FEHJ7S2gadfBVaCrDwEHXvbQFzV1NKVqTPT35vhYeclS4O5aZ4xZ3qHsWAVhpxtMhyHlDA1Lb8Hyf0YcLlYPvg3XXQEVbPZlY%2F7loHICr5%2B43a48Kwn5zTXHP5nhnT2H1PPT3ghd6yKfG2%2F2EhLuAQxAZAl%2FLOx8MLfOr9q7i64BEiH3%2Fc3EiIlJ%2Fy8Hp7eUA7BI%2FWVhU2R0B1FcYt7%2FdbY4IZSIaLuuDIvn1Ax1mn2o4dRHe3HFHSfkDhSHwByWmJDfJZU3Au2jAXTAY8w6gvnYBw7%2BUwT1SWnHyJ%7Ctkp%3ABFBM4J628_lj"
